{"MLM Loss": 5.296722412109375, "NSP Loss": 0.6929289102554321, "_timestamp": 1680360866.5080895, "_runtime": 17.15507745742798, "_step": 9, "_wandb": {"runtime": 16}}