{"MLM Loss": 0.6794585585594177, "NSP Loss": 0.0025102871004492044, "_timestamp": 1680360949.3767514, "_runtime": 63.141581535339355, "_step": 49, "_wandb": {"runtime": 62}}